,Player,Nation,Pos,Squad,Comp,Age,Playing Time_MP,Playing Time_Min,Performance_GA,Performance_GA90,Performance_Save%,Performance_CS,Performance_CS%,Penalty Kicks_PKatt,Penalty Kicks_PKA,Penalty Kicks_PKsv,Penalty Kicks_PKm,Born,Performance_CrdY,Performance_CrdR,Goals_FK,Goals_CK,Expected_PSxG,Expected_PSxG/SoT,Expected_PSxG+/-,Expected_/90,Launched_Att,Launched_Cmp%,Goal Kicks_Att,Goal Kicks_Launch%,Goal Kicks_AvgLen,Passes_Att,Passes_Launch%,Passes_AvgLen,Sweeper_#OPA/90,Sweeper_AvgDist,Crosses_Opp,Crosses_Stp%,Comp_Score,psxg_score,saving_ability_score_17_18,Distribution_Score_17_18,Ball_Quality_Score_17_18,Positioning_Score_17_18,Sweeper_Score_17_18
0,Antonio Adán,es ESP,GK,Betis,es La Liga,30,30,2700.0,53.0,1.77,62.1,9.0,30.0,4.0,3.0,1.0,0.0,1987.0,4,0,0.0,5.0,41.8,0.29,-7.2,-0.24,490.0,35.9,253.0,59.7,44.4,1002.0,33.8,32.8,0.73,14.6,468.0,3.6,80,0.2655172413793104,58.97923875432526,54.912226670773016,77.52957233848954,70.77442578383778,57.64043787810198
1,René Adler,de GER,GK,Mainz 05,de Bundesliga,32,14,1260.0,18.0,1.29,67.9,4.0,28.6,2.0,1.0,0.0,1.0,1985.0,0,0,0.0,5.0,14.0,0.25,-4.0,-0.29,216.0,36.1,117.0,76.9,54.9,322.0,39.1,36.3,1.57,15.4,209.0,9.1,50,0.19195402298850578,57.52595155709343,71.92870341854018,40.4049135577798,44.704028820105364,70.04588666200256
2,Adrián,es ESP,GK,West Ham,eng Premier League,30,19,1710.0,29.0,1.53,70.8,6.0,31.6,1.0,1.0,0.0,0.0,1987.0,2,0,1.0,6.0,27.8,0.29,-0.2,-0.01,445.0,34.6,184.0,90.2,59.3,383.0,72.8,47.7,1.63,16.0,316.0,4.1,100,0.10459770114942529,60.640138408304495,80.20788420080072,43.73521383075523,43.33423380253189,72.73488620930902
3,Alisson,br BRA,GK,Roma,it Serie A,24,37,3330.0,28.0,0.76,81.5,17.0,45.9,5.0,3.0,2.0,0.0,1992.0,1,0,0.0,2.0,35.4,0.23,7.4,0.2,416.0,51.2,252.0,42.5,41.0,1069.0,28.9,32.1,2.43,18.9,469.0,3.6,60,0.7143999999999999,75.48442906574394,56.90175546658453,81.18744313011828,77.42962499117033,91.6504794435985
4,Sergio Álvarez,es ESP,GK,Celta Vigo,es La Liga,30,17,1475.0,29.0,1.77,62.7,3.0,18.8,1.0,1.0,0.0,0.0,1986.0,0,0,0.0,4.0,23.3,0.31,-4.7,-0.29,285.0,38.6,129.0,65.9,50.6,494.0,40.5,36.3,1.1,14.1,214.0,3.7,80,0.2080459770114943,47.35294117647059,65.4342469972282,49.79526842584168,43.92503068913578,60.27387958352196
6,Nícolas Andrade,br BRA,GK,Hellas Verona,it Serie A,29,36,3240.0,71.0,1.97,72.1,7.0,19.4,8.0,6.0,2.0,0.0,1988.0,2,1,4.0,9.0,64.5,0.25,-4.5,-0.13,878.0,41.3,399.0,81.2,55.0,1038.0,53.4,41.1,0.89,12.7,728.0,6.7,60,0.20344827586206898,47.9757785467128,77.7971974129966,79.49499545040946,61.16020206146992,53.18716819622206
8,Alphonse Areola,fr FRA,GK,Paris S-G,fr Ligue 1,24,34,3060.0,25.0,0.74,76.5,17.0,50.0,3.0,1.0,1.0,1.0,1993.0,0,0,2.0,5.0,26.2,0.24,2.2,0.07,102.0,51.0,240.0,15.8,29.3,659.0,9.7,22.8,1.47,16.1,404.0,5.4,45,0.4232,79.74048442906575,35.0,58.80345768880801,48.26908501511071,71.21013210420182
9,Kepa Arrizabalaga,es ESP,GK,Athletic Club,es La Liga,22,30,2700.0,43.0,1.43,69.1,7.0,23.3,3.0,1.0,2.0,0.0,1994.0,3,0,3.0,5.0,43.4,0.3,3.4,0.11,644.0,49.4,206.0,81.6,58.1,843.0,56.5,42.2,0.73,13.4,395.0,5.8,80,0.49039999999999995,52.0242214532872,87.29904527255927,68.84895359417652,39.32397036279046,53.65508868677723
10,Sergio Asenjo,es ESP,GK,Villarreal,es La Liga,28,23,2070.0,30.0,1.3,71.0,6.0,26.1,6.0,3.0,3.0,0.0,1989.0,3,0,1.0,2.0,32.0,0.29,2.0,0.09,346.0,35.8,200.0,73.5,52.8,454.0,43.8,37.4,1.13,12.8,399.0,6.5,80,0.412,54.930795847750865,68.33692639359407,47.611464968152866,63.13228687994108,56.304580435408866
11,Mariano Barbosa,ar ARG,GK,Villarreal,es La Liga,33,13,1125.0,14.0,1.12,72.9,5.0,41.7,1.0,1.0,0.0,0.0,1984.0,0,0,0.0,2.0,13.8,0.28,-0.2,-0.01,152.0,30.3,105.0,78.1,54.1,230.0,30.4,32.4,0.4,10.0,243.0,2.1,80,0.10459770114942529,71.12456747404845,67.07499230058515,35.382165605095544,50.56083321719508,38.533478743981235
12,Oliver Baumann,de GER,GK,Hoffenheim,de Bundesliga,27,34,3060.0,48.0,1.41,69.4,10.0,29.4,4.0,3.0,1.0,0.0,1990.0,0,0,1.0,9.0,42.6,0.27,-3.4,-0.1,590.0,37.8,261.0,62.5,47.9,1181.0,36.2,33.4,0.82,12.5,480.0,7.7,50,0.1781609195402299,58.35640138408304,60.87234370187865,87.30209281164696,57.93397683471395,51.71056422074982
13,Asmir Begović,ba BIH,GK,Bournemouth,eng Premier League,30,38,3420.0,61.0,1.61,65.3,6.0,15.8,3.0,2.0,1.0,0.0,1987.0,2,0,2.0,7.0,54.8,0.31,-5.2,-0.14,647.0,34.5,328.0,81.4,55.5,832.0,45.7,38.9,0.47,10.2,611.0,5.7,100,0.2195402298850575,44.238754325259514,73.01663073606404,68.2484076433121,67.81616491759276,40.01008271945347
14,Vid Belec,si SVN,GK,Benevento,it Serie A,27,13,1113.0,27.0,2.18,67.6,1.0,7.7,3.0,3.0,0.0,0.0,1990.0,1,1,1.0,1.0,28.9,0.36,3.9,0.32,171.0,31.6,108.0,55.6,43.4,264.0,42.0,37.4,0.73,11.4,209.0,6.2,60,0.5184,35.83044982698962,48.96288882044965,37.23839854413103,43.352294096422135,47.01284003456932
17,Walter Benítez,ar ARG,GK,Nice,fr Ligue 1,24,28,2520.0,36.0,1.29,70.8,7.0,25.0,5.0,3.0,2.0,0.0,1993.0,3,0,1.0,0.0,37.1,0.29,3.1,0.11,262.0,38.9,232.0,54.7,43.9,542.0,24.9,29.2,0.14,11.1,445.0,2.9,45,0.4736,53.78892733564014,54.8236834000616,52.415832575068244,70.40726344546881,39.16930737890448
18,Etrit Berisha,al ALB,GK,Atalanta,it Serie A,28,31,2790.0,34.0,1.1,66.7,8.0,25.8,2.0,1.0,1.0,0.0,1989.0,0,0,2.0,2.0,33.3,0.32,-0.7,-0.02,412.0,44.4,233.0,81.5,54.0,609.0,36.5,34.5,0.81,14.1,396.0,4.5,60,0.11609195402298851,54.61937716262976,79.38712657838003,56.073703366696996,53.30469968556761,56.9083089839088
20,Albano Bizzarri,ar ARG,GK,Udinese,it Serie A,39,32,2880.0,52.0,1.62,65.0,8.0,25.0,5.0,2.0,2.0,1.0,1977.0,0,1,1.0,9.0,44.5,0.29,-3.5,-0.11,576.0,43.9,300.0,72.0,48.8,791.0,45.5,38.0,0.94,13.1,525.0,4.8,60,0.18045977011494255,53.78892733564014,70.25947028025868,66.01000909918108,61.191817121387714,55.0958887197004
21,Rubén Blanco,es ESP,GK,Celta Vigo,es La Liga,22,22,1941.0,31.0,1.44,67.4,4.0,18.2,4.0,3.0,0.0,1.0,1995.0,3,1,0.0,4.0,26.2,0.28,-4.8,-0.22,415.0,33.0,151.0,75.5,55.2,660.0,45.6,38.8,0.93,13.8,325.0,1.8,80,0.2103448275862069,46.73010380622837,69.2331382814906,58.85805277525023,55.397059188508614,57.304621589365816
24,Yassine Bounou,ma MAR,GK,Girona,es La Liga,26,30,2655.0,46.0,1.56,69.8,9.0,30.0,5.0,4.0,0.0,1.0,1991.0,2,0,2.0,2.0,44.5,0.3,-0.5,-0.02,635.0,35.6,243.0,89.7,60.8,633.0,65.9,46.0,0.98,14.4,411.0,2.2,80,0.11149425287356322,58.97923875432526,82.24052971974129,57.38398544131029,53.51855952928689,59.87756697806494
26,Alberto Brignoli,it ITA,GK,Benevento,it Serie A,25,13,1126.0,31.0,2.48,58.6,1.0,9.1,4.0,2.0,0.0,2.0,1991.0,2,0,0.0,6.0,26.0,0.35,-5.0,-0.4,263.0,33.1,116.0,69.0,51.1,384.0,47.7,39.4,2.16,16.3,204.0,9.8,60,0.21494252873563222,37.28373702422145,62.81336618417001,43.78980891719745,42.40892056334371,79.88209391332977
27,Gianluigi Buffon,it ITA,GK,Juventus,it Serie A,39,21,1862.0,14.0,0.68,80.4,11.0,52.4,4.0,3.0,1.0,0.0,1978.0,1,0,0.0,2.0,17.5,0.25,5.5,0.26,191.0,44.0,150.0,38.7,36.8,474.0,28.1,31.9,0.92,14.0,242.0,1.2,60,0.608,82.23183391003461,45.712965814598086,48.70336669699727,49.85762722866127,57.852792295979256
28,Roman Bürki,ch SUI,GK,Dortmund,de Bundesliga,26,33,2969.0,43.0,1.3,72.4,12.0,36.4,3.0,3.0,0.0,0.0,1990.0,4,0,2.0,3.0,45.5,0.3,2.5,0.08,481.0,33.9,237.0,62.4,49.7,1050.0,31.7,32.4,1.15,14.0,404.0,9.9,50,0.44,65.62283737024221,59.502617801047116,80.15013648771611,55.57281295759266,60.522037943948305
29,Ludovic Butelle,fr FRA,GK,Angers,fr Ligue 1,34,19,1653.0,22.0,1.2,72.1,4.0,21.1,3.0,3.0,0.0,0.0,1983.0,0,0,1.0,1.0,19.6,0.25,-0.4,-0.02,314.0,28.3,145.0,86.9,54.7,390.0,48.2,38.6,1.36,16.2,255.0,8.6,45,0.10919540229885058,49.740484429065745,69.53726516784724,44.11737943585077,50.19122720269721,70.26564879213137
30,Jack Butland,eng ENG,GK,Stoke City,eng Premier League,24,35,3150.0,61.0,1.74,72.1,6.0,17.1,5.0,5.0,0.0,0.0,1993.0,0,0,0.0,8.0,61.7,0.29,2.7,0.08,969.0,38.9,338.0,90.2,62.4,934.0,71.1,48.4,1.11,13.7,609.0,4.1,100,0.4512,45.58823529411765,86.5683708038189,73.81710646041856,80.71197840401224,59.061484011687725
34,Koen Casteels,be BEL,GK,Wolfsburg,de Bundesliga,25,34,3060.0,48.0,1.41,72.5,8.0,23.5,9.0,6.0,3.0,0.0,1992.0,1,0,1.0,4.0,50.4,0.28,4.4,0.13,654.0,37.9,288.0,67.0,52.0,1043.0,44.2,38.0,0.88,12.1,522.0,10.9,50,0.5464,52.231833910034595,66.66384354789037,79.76797088262057,75.73905929923771,51.07843944195234
35,Petr Čech,cz CZE,GK,Arsenal,eng Premier League,35,34,3039.0,48.0,1.42,68.1,11.0,32.4,6.0,5.0,1.0,0.0,1982.0,1,0,0.0,6.0,45.9,0.3,-2.1,-0.06,414.0,36.0,225.0,60.4,47.2,809.0,34.4,34.4,1.54,14.4,426.0,7.7,100,0.14827586206896554,61.470588235294116,57.96042500769941,66.99272065514103,66.4648883831837,66.37659986007655
37,Leandro Chichizola,ar ARG,GK,Las Palmas,es La Liga,27,27,2430.0,47.0,1.74,70.5,4.0,14.8,3.0,3.0,0.0,0.0,1990.0,2,0,1.0,4.0,50.8,0.33,4.8,0.18,443.0,35.2,230.0,53.9,47.1,907.0,35.2,34.1,2.11,17.0,376.0,6.1,80,0.5688,43.200692041522494,54.68355404989221,72.34303912647862,55.87563788538016,81.62661014856579
39,Andrea Consigli,it ITA,GK,Sassuolo,it Serie A,30,37,3316.0,58.0,1.57,67.4,10.0,27.0,3.0,2.0,1.0,0.0,1987.0,2,0,3.0,7.0,50.5,0.29,-6.5,-0.18,599.0,46.2,296.0,72.3,49.0,813.0,47.4,39.3,0.62,11.9,606.0,3.6,60,0.24942528735632186,55.86505190311419,72.37603942100398,67.21110100090992,57.69407656724597,47.39680645294045
40,Alex Cordaz,it ITA,GK,Crotone,it Serie A,34,38,3420.0,66.0,1.74,70.0,5.0,13.2,8.0,6.0,1.0,1.0,1983.0,2,0,3.0,13.0,63.7,0.29,-2.3,-0.06,916.0,34.1,355.0,92.1,58.6,824.0,71.5,47.8,0.84,13.8,691.0,1.2,60,0.15287356321839082,41.53979238754325,79.8875885432707,67.81164695177435,52.77953841248872,56.26013416189967
42,Benoît Costil,fr FRA,GK,Bordeaux,fr Ligue 1,30,36,3240.0,45.0,1.25,66.7,10.0,27.8,8.0,4.0,4.0,0.0,1987.0,1,0,4.0,5.0,38.7,0.25,-5.3,-0.15,629.0,37.5,295.0,79.0,54.9,875.0,45.3,38.9,0.94,14.5,475.0,6.3,45,0.22183908045977013,56.695501730103814,73.85278718817369,70.59599636032758,40.63897357966099,59.74546277624594
43,Thibaut Courtois,be BEL,GK,Chelsea,eng Premier League,25,35,3150.0,34.0,0.97,69.8,15.0,42.9,2.0,2.0,0.0,0.0,1992.0,2,0,0.0,2.0,31.6,0.29,-0.4,-0.01,430.0,35.6,248.0,50.8,45.3,949.0,32.0,33.8,0.69,13.2,446.0,5.8,100,0.10919540229885058,72.37024221453287,52.0480443486295,74.63603275705186,76.23398008022131,52.52664718712704
44,Alessio Cragno,it ITA,GK,Cagliari,it Serie A,23,29,2536.0,47.0,1.67,68.5,7.0,24.1,10.0,6.0,2.0,2.0,1994.0,0,0,4.0,1.0,43.7,0.28,-2.3,-0.08,484.0,45.2,255.0,85.5,56.9,548.0,48.5,38.6,0.53,10.6,454.0,5.7,60,0.15287356321839082,52.85467128027682,84.37711733908222,52.74340309372157,46.5619099619894,42.034857401539156
46,Iván Cuéllar,es ESP,GK,Leganés,es La Liga,33,35,3150.0,43.0,1.23,72.7,14.0,40.0,6.0,5.0,1.0,0.0,1984.0,4,0,3.0,4.0,44.4,0.28,1.4,0.04,894.0,34.8,258.0,96.1,63.8,859.0,75.2,49.4,1.34,15.7,481.0,6.0,80,0.37839999999999996,69.3598615916955,87.01262704034492,69.72247497725205,51.486070091504224,68.3729783118647
50,Marko Dmitrović,rs SRB,GK,Eibar,es La Liga,25,36,3240.0,49.0,1.36,63.7,10.0,27.8,4.0,4.0,0.0,0.0,1992.0,1,0,2.0,2.0,44.7,0.34,-1.3,-0.04,888.0,37.6,216.0,95.4,70.1,942.0,72.4,51.4,2.69,19.0,339.0,6.2,80,0.1298850574712644,56.695501730103814,95.0,74.25386715195631,47.88741334972634,95.0
52,Gianluigi Donnarumma,it ITA,GK,Milan,it Serie A,18,38,3420.0,42.0,1.11,69.7,12.0,31.6,3.0,2.0,0.0,1.0,1999.0,2,0,0.0,4.0,38.9,0.28,-2.1,-0.05,392.0,44.4,267.0,45.3,37.8,968.0,28.0,29.7,1.03,14.1,487.0,3.3,60,0.14827586206896554,60.640138408304495,49.581151832460726,75.67333939945405,74.9348225757492,59.461500473270505
54,Martin Dúbravka,sk SVK,GK,Newcastle Utd,eng Premier League,28,12,1080.0,11.0,0.92,70.3,4.0,33.3,1.0,0.0,1.0,0.0,1989.0,0,0,0.0,0.0,14.2,0.36,3.2,0.26,198.0,30.8,93.0,80.6,56.0,255.0,48.2,38.5,1.08,12.9,184.0,7.1,100,0.47919999999999996,62.40484429065744,70.27794887588541,36.74704276615105,51.433301960095534,56.05642207498251
56,Ederson,br BRA,GK,Manchester City,eng Premier League,23,36,3194.0,26.0,0.73,67.5,16.0,44.4,2.0,0.0,2.0,0.0,1993.0,1,0,1.0,1.0,23.9,0.28,-0.1,0.0,230.0,47.8,160.0,53.1,46.1,935.0,15.5,26.2,2.45,18.8,265.0,7.2,100,0.10229885057471265,73.92733564013841,63.302279026793954,73.87170154686078,50.42100912369394,91.55047532820281
57,Rob Elliot,ie IRL,GK,Newcastle Utd,eng Premier League,31,16,1440.0,21.0,1.31,68.8,3.0,18.8,2.0,1.0,1.0,0.0,1986.0,0,0,0.0,3.0,18.8,0.27,-1.2,-0.07,371.0,41.5,159.0,82.4,55.8,378.0,63.5,44.1,0.94,13.2,258.0,5.8,100,0.12758620689655173,47.35294117647059,79.19541114875267,43.46223839854413,52.51886689792498,55.428001152310785
59,Łukasz Fabiański,pl POL,GK,Swansea City,eng Premier League,32,38,3420.0,56.0,1.47,72.1,9.0,23.7,6.0,3.0,3.0,0.0,1985.0,0,0,1.0,5.0,59.5,0.28,5.5,0.14,812.0,38.8,358.0,87.7,59.9,914.0,54.5,42.2,0.58,11.4,615.0,6.8,100,0.608,52.43944636678201,83.10209424083769,72.72520473157415,81.53007535304441,45.27202765545907
60,Ralf Fährmann,de GER,GK,Schalke 04,de Bundesliga,28,34,3015.0,37.0,1.1,73.2,12.0,35.3,6.0,3.0,2.0,1.0,1988.0,1,0,1.0,3.0,35.3,0.25,-0.7,-0.02,476.0,39.9,236.0,63.6,47.4,714.0,45.7,38.3,0.54,10.9,456.0,11.6,50,0.11609195402298851,64.48096885813149,62.47228210655989,61.80618744313012,70.81699920389615,43.1472488579777
62,Raúl Fernández,es ESP,GK,Levante,es La Liga,29,11,990.0,15.0,1.36,71.7,3.0,27.3,0.0,0.0,0.0,0.0,1988.0,0,0,1.0,3.0,16.3,0.31,1.3,0.11,248.0,43.5,95.0,94.7,62.8,228.0,69.3,47.8,1.55,17.8,185.0,4.3,80,0.37279999999999996,56.1764705882353,92.33292269787496,35.2729754322111,35.0,77.78447672743735
63,Fraser Forster,eng ENG,GK,Southampton,eng Premier League,29,20,1800.0,30.0,1.5,69.1,4.0,20.0,1.0,0.0,1.0,0.0,1988.0,0,0,1.0,2.0,25.8,0.26,-4.2,-0.21,343.0,29.4,146.0,87.7,59.1,360.0,59.7,43.4,0.7,14.1,258.0,3.9,100,0.19655172413793107,48.59861591695502,74.94995380351092,42.479526842584164,45.28054547433092,55.63171323922795
64,Ben Foster,eng ENG,GK,West Brom,eng Premier League,34,37,3330.0,55.0,1.49,64.2,10.0,27.0,1.0,1.0,0.0,0.0,1983.0,2,0,2.0,7.0,45.7,0.3,-7.3,-0.2,904.0,38.3,338.0,95.6,65.7,811.0,71.6,48.5,0.73,12.8,592.0,6.3,100,0.267816091954023,55.86505190311419,91.39359408684938,67.10191082802547,66.03220497860829,51.66241409111487
66,David de Gea,es ESP,GK,Manchester Utd,eng Premier League,26,37,3330.0,28.0,0.76,80.7,18.0,48.6,1.0,1.0,0.0,0.0,1990.0,0,0,1.0,5.0,38.5,0.28,12.5,0.34,613.0,37.8,290.0,77.6,55.8,799.0,48.6,39.6,0.57,12.8,483.0,3.3,100,1.0,78.28719723183391,74.4048352325223,66.44676979071883,64.12060114432774,49.80554755339726
70,Heurelho Gomes,br BRA,GK,Watford,eng Premier League,36,24,2128.0,40.0,1.69,63.0,5.0,20.8,3.0,3.0,0.0,0.0,1981.0,0,0,1.0,7.0,36.0,0.34,-3.0,-0.13,483.0,41.2,179.0,78.8,56.5,566.0,60.4,42.3,0.76,12.2,342.0,4.4,100,0.16896551724137931,49.42906574394463,78.21989528795811,53.72611464968153,44.328466345043246,50.01790197127453
71,Alfred Gomis,sn SEN,GK,SPAL,it Serie A,23,26,2261.0,43.0,1.71,73.6,3.0,12.0,7.0,6.0,1.0,0.0,1993.0,0,0,1.0,5.0,44.8,0.27,3.8,0.15,486.0,33.1,221.0,67.0,48.8,571.0,59.2,44.1,0.8,13.8,415.0,3.1,60,0.5127999999999999,40.294117647058826,59.81444410224822,53.99909008189263,56.20057044564635,55.795917527470266
74,Vicente Guaita,es ESP,GK,Getafe,es La Liga,30,33,2970.0,26.0,0.79,77.5,12.0,36.4,3.0,1.0,1.0,1.0,1987.0,1,0,0.0,1.0,35.8,0.31,9.8,0.3,797.0,30.5,284.0,96.8,64.1,710.0,73.5,49.2,1.03,15.0,479.0,4.4,80,0.8488,65.62283737024221,84.19926085617492,61.587807097361235,81.27856762396411,62.45051236676406
75,Péter Gulácsi,hu HUN,GK,RB Leipzig,de Bundesliga,27,33,2970.0,52.0,1.58,68.0,6.0,18.2,5.0,5.0,0.0,0.0,1990.0,1,0,0.0,8.0,47.1,0.29,-4.9,-0.15,545.0,40.9,206.0,74.3,50.6,895.0,43.8,36.0,1.0,13.9,440.0,8.2,50,0.21264367816091956,46.73010380622837,70.53895903911302,71.68789808917197,64.03514884469485,58.449113132227666
76,Régis Gurtner,fr FRA,GK,Amiens,fr Ligue 1,30,37,3330.0,41.0,1.11,78.4,11.0,29.7,4.0,4.0,0.0,0.0,1986.0,2,0,0.0,3.0,48.9,0.27,7.9,0.21,909.0,36.2,361.0,95.0,58.9,894.0,63.3,43.9,0.68,12.6,634.0,4.9,45,0.7424,58.667820069204154,82.96427471512163,71.63330300272975,95.0,50.41791843285732
78,Samir Handanović,si SVN,GK,Inter,it Serie A,33,38,3420.0,30.0,0.79,76.1,17.0,44.7,2.0,2.0,0.0,0.0,1984.0,0,0,1.0,1.0,30.5,0.25,4.5,0.12,280.0,45.4,312.0,41.3,35.9,808.0,18.7,26.1,0.61,14.0,546.0,3.7,60,0.552,74.23875432525952,46.967200492762544,66.93812556869882,80.31957747312435,54.2551133791514
79,Joe Hart,eng ENG,GK,West Ham,eng Premier League,30,19,1710.0,39.0,2.05,61.5,4.0,21.1,5.0,4.0,1.0,0.0,1987.0,0,0,0.0,4.0,32.8,0.32,-6.2,-0.33,469.0,37.3,155.0,97.4,67.0,441.0,72.1,49.1,0.58,13.0,284.0,1.4,100,0.24252873563218394,49.740484429065745,92.56621496766246,46.901728844404005,50.43899305270515,50.5858265772254
81,Wayne Hennessey,wls WAL,GK,Crystal Palace,eng Premier League,30,27,2430.0,41.0,1.52,68.5,7.0,25.9,1.0,1.0,0.0,0.0,1987.0,1,0,1.0,7.0,38.2,0.3,-0.8,-0.03,587.0,38.5,227.0,92.1,65.2,554.0,68.2,47.3,0.81,13.4,435.0,7.1,100,0.11839080459770115,54.72318339100346,89.69510317215892,53.070973612374885,56.7473429794903,54.58352195563604
83,Marwin Hitz,ch SUI,GK,Augsburg,de Bundesliga,29,32,2880.0,42.0,1.31,74.2,9.0,28.1,2.0,1.0,1.0,0.0,1987.0,2,0,2.0,11.0,42.0,0.26,0.0,0.0,552.0,47.8,267.0,58.1,44.6,881.0,45.1,37.8,0.53,12.5,440.0,6.6,50,0.0,57.00692041522491,63.821989528795804,70.92356687898089,40.09636293172408,48.34499362113667
84,Timo Horn,de GER,GK,Köln,de Bundesliga,24,34,3060.0,70.0,2.06,69.2,5.0,14.7,9.0,8.0,1.0,0.0,1993.0,0,0,0.0,7.0,66.5,0.29,-3.5,-0.1,746.0,40.5,299.0,83.9,57.3,787.0,62.9,44.1,0.91,13.7,592.0,4.2,50,0.18045977011494255,43.09688581314879,80.44271635355713,65.7916287534122,81.010297803937,56.74040083954072
85,Lukáš Hrádecký,fi FIN,GK,Eint Frankfurt,de Bundesliga,27,34,3060.0,45.0,1.32,67.7,7.0,20.6,3.0,2.0,0.0,1.0,1989.0,1,0,2.0,7.0,41.3,0.3,-1.7,-0.05,662.0,40.9,241.0,77.2,56.1,1058.0,45.0,37.2,1.74,15.2,483.0,9.5,50,0.13908045977011496,49.221453287197235,76.97105020018478,80.58689717925387,55.63955586186356,71.35458249310672
88,Rune Jarstein,no NOR,GK,Hertha BSC,de Bundesliga,32,31,2790.0,44.0,1.42,72.1,7.0,22.6,6.0,5.0,0.0,1.0,1984.0,2,0,0.0,7.0,35.8,0.22,-7.2,-0.23,761.0,37.6,249.0,88.0,57.9,882.0,61.5,44.0,0.48,11.9,483.0,7.7,50,0.2655172413793104,51.29757785467128,80.35263319987679,70.97816196542311,70.81386824385598,45.77204823243755
89,Karl-Johan Johnsson,se SWE,GK,Guingamp,fr Ligue 1,27,38,3420.0,59.0,1.55,68.4,11.0,28.9,7.0,5.0,2.0,0.0,1990.0,0,0,0.0,5.0,50.5,0.26,-7.5,-0.2,705.0,41.8,308.0,81.5,58.6,867.0,52.4,41.2,0.55,12.9,547.0,4.9,45,0.27241379310344827,57.83737024221453,81.7724052971974,70.1592356687898,80.67394869425604,49.90555166879295
90,Bingourou Kamara,sn SEN,GK,Strasbourg,fr Ligue 1,20,19,1692.0,32.0,1.7,65.1,2.0,10.5,2.0,2.0,0.0,0.0,1996.0,2,0,0.0,6.0,26.7,0.29,-5.3,-0.28,338.0,39.1,168.0,81.5,54.8,450.0,44.7,38.3,0.64,12.6,283.0,6.7,45,0.22183908045977013,38.73702422145329,75.99476439790575,47.39308462238399,49.430556642694455,49.953701798427915
91,Loris Karius,de GER,GK,Liverpool,eng Premier League,24,19,1710.0,14.0,0.74,73.3,10.0,52.6,3.0,2.0,1.0,0.0,1993.0,1,0,0.0,2.0,13.3,0.23,-0.7,-0.04,227.0,29.1,103.0,52.4,45.8,524.0,33.0,32.6,1.74,17.5,199.0,5.0,100,0.11609195402298851,82.43944636678201,48.05281798583307,51.433121019108285,47.41754024906405,78.99316844314582
92,Orestis Karnezis,gr GRE,GK,Watford,eng Premier League,32,15,1292.0,24.0,1.67,62.5,4.0,28.6,3.0,3.0,0.0,0.0,1985.0,0,0,0.0,2.0,19.8,0.31,-4.2,-0.29,321.0,37.7,81.0,92.6,58.0,323.0,76.2,48.2,0.63,13.4,182.0,5.5,100,0.19655172413793107,57.52595155709343,82.33369263935938,40.45950864422202,45.79726842827716,52.494547100703734
93,Eiji Kawashima,jp JPN,GK,Metz,fr Ligue 1,34,29,2569.0,60.0,2.1,64.1,2.0,6.9,2.0,0.0,2.0,0.0,1983.0,0,1,1.0,9.0,56.7,0.34,-2.3,-0.08,582.0,37.5,237.0,91.1,60.5,655.0,55.9,42.5,1.16,15.5,406.0,1.7,45,0.15287356321839082,35.0,83.99368647982752,58.58507734303913,45.5330841292781,65.6197785917116
95,Tomáš Koubek,cz CZE,GK,Rennes,fr Ligue 1,24,34,3060.0,36.0,1.06,73.2,10.0,29.4,5.0,2.0,2.0,1.0,1992.0,0,0,0.0,5.0,40.1,0.29,6.1,0.18,578.0,35.5,269.0,77.0,54.2,704.0,52.7,40.6,1.44,15.5,510.0,4.9,45,0.6416,58.35640138408304,70.82306744687403,61.26023657870792,76.43569790817506,68.86929503271739
98,Alban Lafont,fr FRA,GK,Toulouse,fr Ligue 1,18,38,3420.0,54.0,1.42,69.6,12.0,31.6,6.0,6.0,0.0,0.0,1999.0,3,0,3.0,6.0,52.2,0.3,0.2,0.01,740.0,42.6,331.0,77.6,54.6,931.0,51.9,39.6,2.08,17.7,565.0,4.1,45,0.3112,60.640138408304495,77.01955651370494,73.6533212010919,55.50488639769685,83.6032347010165
100,Benjamin Lecomte,fr FRA,GK,Montpellier,fr Ligue 1,26,38,3420.0,33.0,0.87,76.1,14.0,36.8,6.0,5.0,0.0,1.0,1991.0,1,0,1.0,4.0,37.9,0.29,4.9,0.13,556.0,44.8,268.0,62.3,45.8,880.0,44.2,37.6,0.63,12.8,494.0,10.3,45,0.5744,66.03806228373702,64.27009547274406,70.86897179253867,72.1392952667139,50.50187250504136
101,Bernd Leno,de GER,GK,Leverkusen,de Bundesliga,25,33,2970.0,40.0,1.21,68.2,10.0,30.3,5.0,5.0,0.0,0.0,1992.0,1,0,2.0,3.0,35.2,0.28,-4.8,-0.15,536.0,36.2,250.0,57.2,46.1,995.0,39.5,35.0,1.03,14.4,366.0,7.9,50,0.2103448275862069,59.29065743944636,55.80227902679397,77.14740673339399,49.911884475211004,60.457837771101694
102,Alexandre Letellier,fr FRA,GK,Angers,fr Ligue 1,26,13,1170.0,17.0,1.31,65.9,1.0,7.7,2.0,2.0,0.0,0.0,1990.0,0,0,0.0,2.0,14.3,0.29,-1.7,-0.13,202.0,44.6,102.0,87.3,59.9,232.0,48.7,39.3,0.38,12.1,187.0,2.1,45,0.13908045977011496,35.83044982698962,87.5,35.49135577797998,44.14618337880228,45.27573151158484
103,Raúl Lizoain,es ESP,GK,Las Palmas,es La Liga,26,11,990.0,27.0,2.45,62.1,1.0,9.1,2.0,2.0,0.0,0.0,1991.0,0,0,0.0,3.0,22.9,0.33,-4.1,-0.37,116.0,36.2,94.0,53.2,42.6,288.0,22.9,28.8,0.82,13.8,157.0,4.5,80,0.1942528735632184,37.28373702422145,50.8631044040653,38.548680618744314,40.09930297956666,56.02802584468497
104,Hugo Lloris,fr FRA,GK,Tottenham,eng Premier League,30,36,3240.0,35.0,0.97,71.8,15.0,41.7,3.0,2.0,0.0,1.0,1986.0,1,0,1.0,7.0,33.7,0.27,-1.3,-0.04,386.0,39.9,227.0,46.7,41.5,938.0,29.9,33.4,2.08,15.6,428.0,4.0,100,0.1298850574712644,71.12456747404845,50.15783800431167,74.03548680618744,53.91790966416636,76.6288736161982
105,Anthony Lopes,pt POR,GK,Lyon,fr Ligue 1,26,34,3060.0,37.0,1.09,76.6,14.0,41.2,8.0,5.0,2.0,1.0,1990.0,1,0,1.0,3.0,37.6,0.23,3.6,0.1,324.0,36.7,239.0,40.6,39.0,810.0,28.0,31.6,0.88,13.9,513.0,4.1,45,0.5016,70.60553633217992,42.84339390206345,67.04731574158326,72.44070744423934,57.056463228939464
107,Pau López,es ESP,GK,Espanyol,es La Liga,22,29,2566.0,31.0,1.09,77.4,9.0,32.1,4.0,3.0,1.0,0.0,1994.0,3,0,1.0,5.0,36.5,0.27,5.5,0.19,507.0,35.9,237.0,84.0,58.4,578.0,53.3,41.6,0.81,13.1,422.0,6.4,80,0.608,61.15916955017301,77.92808746535263,54.38125568698817,59.16081679874611,53.58718465780484
109,Jonas Lössl,dk DEN,GK,Huddersfield,eng Premier League,28,38,3420.0,58.0,1.53,65.8,10.0,26.3,6.0,4.0,2.0,0.0,1989.0,1,0,0.0,6.0,51.7,0.3,-5.3,-0.14,891.0,40.4,304.0,81.6,57.9,1083.0,59.4,45.2,1.45,14.4,493.0,6.3,100,0.22183908045977013,55.13840830449827,80.03849707422233,81.95177434030937,73.22386746111597,65.3321124326104
112,Mike Maignan,fr FRA,GK,Lille,fr Ligue 1,22,34,3032.0,53.0,1.57,68.8,5.0,14.7,5.0,3.0,2.0,0.0,1995.0,0,1,1.0,2.0,46.6,0.27,-4.4,-0.13,348.0,40.2,286.0,51.4,44.8,868.0,23.2,29.5,1.51,16.1,439.0,7.3,45,0.20114942528735635,43.09688581314879,55.41499846011703,70.21383075523204,68.2374317727534,71.67434873863122
113,Steve Mandanda,fr FRA,GK,Marseille,fr Ligue 1,32,31,2706.0,37.0,1.23,70.2,11.0,35.5,5.0,3.0,1.0,1.0,1985.0,0,0,2.0,5.0,32.8,0.26,-3.2,-0.11,363.0,36.6,186.0,52.2,41.7,702.0,37.9,34.4,0.47,11.8,331.0,7.6,45,0.17356321839080463,64.68858131487889,49.9183862026486,61.15104640582348,41.34607417702526,45.323881641219806
116,Christian Mathenia,de GER,GK,Hamburger SV,de Bundesliga,25,24,2160.0,38.0,1.58,63.2,6.0,25.0,4.0,3.0,0.0,1.0,1992.0,2,0,0.0,4.0,36.8,0.36,-0.2,-0.01,409.0,33.0,199.0,74.9,55.8,506.0,51.4,40.6,0.75,14.8,332.0,6.0,50,0.10459770114942529,53.78892733564014,69.57499230058517,50.45040946314832,58.945964211599446,58.536771060537475
117,Alex McCarthy,eng ENG,GK,Southampton,eng Premier League,27,18,1620.0,26.0,1.44,63.2,4.0,22.2,1.0,1.0,0.0,0.0,1989.0,2,0,0.0,4.0,20.5,0.3,-5.5,-0.3,340.0,29.1,158.0,92.4,59.5,304.0,63.8,44.2,0.56,10.9,311.0,6.1,100,0.22643678160919542,50.88235294117647,76.94487218971358,39.422202001819834,56.60587704109005,43.379357175192396
118,Alex Meret,it ITA,GK,SPAL,it Serie A,20,13,1158.0,16.0,1.24,78.3,4.0,30.8,5.0,3.0,2.0,0.0,1997.0,0,0,0.0,2.0,19.6,0.26,5.6,0.43,247.0,37.7,131.0,79.4,50.3,264.0,54.2,40.3,0.0,10.7,211.0,1.4,60,0.6135999999999999,59.80968858131488,69.73975977825685,37.23839854413103,46.43747339161247,36.216099427959996
120,Simon Mignolet,be BEL,GK,Liverpool,eng Premier League,29,19,1710.0,24.0,1.26,62.7,7.0,36.8,3.0,2.0,1.0,0.0,1988.0,3,0,0.0,3.0,23.0,0.34,-1.0,-0.05,208.0,30.8,101.0,40.6,39.7,499.0,33.5,32.0,1.79,17.4,194.0,7.7,100,0.12298850574712644,66.03806228373702,38.883584847551596,50.068243858052774,46.4305623700604,79.24132680357216
122,Antonio Mirante,it ITA,GK,Bologna,it Serie A,34,33,2970.0,46.0,1.39,69.4,7.0,21.2,3.0,2.0,0.0,1.0,1983.0,5,0,1.0,4.0,41.8,0.28,-1.2,-0.04,683.0,48.9,318.0,73.3,49.3,942.0,47.8,38.5,1.12,14.1,632.0,2.7,60,0.12758620689655173,49.844290657439444,75.17785648290729,74.25386715195631,82.97592979013024,60.505987900736656
127,Keylor Navas,cr CRC,GK,Real Madrid,es La Liga,30,27,2430.0,31.0,1.15,73.9,7.0,25.9,4.0,2.0,2.0,0.0,1986.0,1,0,0.0,6.0,33.1,0.28,3.1,0.11,199.0,37.2,163.0,55.2,46.4,537.0,20.3,30.3,1.15,16.0,309.0,3.9,80,0.4736,54.72318339100346,56.091007083461655,52.14285714285714,50.577404395944264,67.16428659615622
128,Neto,br BRA,GK,Valencia,es La Liga,28,33,2970.0,33.0,1.0,79.0,10.0,30.3,5.0,3.0,2.0,0.0,1989.0,2,0,1.0,4.0,43.7,0.28,10.7,0.33,488.0,34.8,277.0,79.1,56.6,541.0,49.7,39.7,0.21,9.6,541.0,3.9,80,0.8992,59.29065743944636,73.40776101016321,52.361237488626024,73.33700202939669,35.0
131,Jan Oblak,si SVN,GK,Atlético Madrid,es La Liga,24,37,3330.0,22.0,0.59,83.3,22.0,59.5,4.0,1.0,3.0,0.0,1993.0,1,0,1.0,2.0,32.7,0.23,11.7,0.32,566.0,33.7,275.0,79.3,53.8,632.0,55.1,42.4,0.35,11.9,534.0,4.7,80,0.9552,89.60207612456747,69.92762550046194,57.32939035486806,77.41885754322732,44.263344170542
132,Oier Olazábal,es ESP,GK,Levante,es La Liga,27,26,2340.0,39.0,1.5,71.9,7.0,26.9,6.0,5.0,0.0,1.0,1989.0,2,0,0.0,4.0,37.9,0.28,1.9,0.07,481.0,34.9,225.0,80.4,54.2,501.0,59.9,44.1,0.88,14.7,398.0,5.5,80,0.4064,55.76124567474048,71.68694179242377,50.17743403093721,66.1790546409801,59.713362689822624
134,Alexandre Oukidja,dz ALG,GK,Strasbourg,fr Ligue 1,29,17,1457.0,29.0,1.79,64.8,2.0,12.5,5.0,4.0,1.0,0.0,1988.0,1,0,0.0,1.0,27.7,0.33,-1.3,-0.08,341.0,41.1,130.0,90.8,60.2,358.0,62.3,43.5,0.74,13.1,232.0,5.2,45,0.1298850574712644,40.813148788927336,86.41438250692946,42.370336669699725,53.50863209501321,52.7748055475534
136,Fernando Pacheco,es ESP,GK,Alavés,es La Liga,25,38,3357.0,50.0,1.34,74.9,12.0,32.4,10.0,7.0,2.0,1.0,1992.0,2,0,2.0,7.0,49.2,0.25,1.2,0.03,773.0,42.0,355.0,89.3,56.5,698.0,65.3,43.4,0.51,12.5,646.0,2.6,80,0.36719999999999997,61.470588235294116,82.97120418848166,60.9326660600546,69.79771898106343,48.11288530392197
138,Jiří Pavlenka,cz CZE,GK,Werder Bremen,de Bundesliga,25,34,3060.0,40.0,1.18,76.5,8.0,23.5,4.0,2.0,1.0,1.0,1992.0,1,0,0.0,6.0,42.0,0.25,4.0,0.12,576.0,40.6,256.0,65.2,49.6,915.0,44.7,38.6,0.5,10.7,482.0,5.6,50,0.524,52.231833910034595,65.76763165999384,72.77979981801639,71.50600132493065,42.0188073583275
141,Mattia Perin,it ITA,GK,Genoa,it Serie A,24,37,3330.0,42.0,1.14,77.2,12.0,32.4,4.0,4.0,0.0,0.0,1992.0,1,0,1.0,2.0,42.2,0.23,2.2,0.06,769.0,42.9,347.0,84.1,56.0,919.0,51.9,40.8,0.68,13.1,541.0,4.4,60,0.4232,61.470588235294116,81.15491222667077,72.99818016378526,78.0244692163627,52.0784805959093
142,Jordan Pickford,eng ENG,GK,Everton,eng Premier League,23,38,3420.0,58.0,1.53,69.1,10.0,26.3,5.0,3.0,1.0,1.0,1994.0,0,0,0.0,6.0,56.1,0.3,-1.9,-0.05,945.0,34.1,340.0,92.6,67.2,984.0,64.0,47.8,1.34,14.9,591.0,4.6,100,0.14367816091954025,55.13840830449827,88.36079457961196,76.54686078252958,83.33759385720916,65.71607885098152
145,Nick Pope,eng ENG,GK,Burnley,eng Premier League,25,35,3115.0,35.0,1.01,78.4,12.0,35.3,5.0,3.0,1.0,1.0,1992.0,3,0,0.0,3.0,42.5,0.27,8.5,0.25,997.0,35.2,297.0,94.6,66.7,920.0,77.8,52.1,1.1,12.5,600.0,9.5,100,0.7759999999999999,64.48096885813149,89.52879581151832,73.05277525022748,94.11409103839054,54.960080661755626
148,Christian Puggioni,it ITA,GK,Benevento,it Serie A,36,14,1179.0,26.0,1.98,67.7,2.0,14.3,6.0,5.0,0.0,1.0,1981.0,0,1,0.0,3.0,24.8,0.31,-1.2,-0.09,194.0,43.3,120.0,64.2,44.0,359.0,32.6,32.9,1.15,14.1,206.0,8.7,60,0.12758620689655173,42.68166089965398,62.10578995996304,42.424931756141945,48.459195381452126,60.85415037655871
152,Pepe Reina,es ESP,GK,Napoli,it Serie A,34,37,3330.0,29.0,0.78,72.2,18.0,48.6,2.0,2.0,0.0,0.0,1982.0,1,0,2.0,3.0,26.3,0.25,-2.7,-0.07,333.0,44.1,235.0,36.6,36.5,950.0,26.0,30.0,1.54,18.8,353.0,2.3,60,0.1620689655172414,78.28719723183391,44.678164459501076,74.69062784349408,44.76000427643323,80.98954689493395
153,Baptiste Reynet,fr FRA,GK,Dijon,fr Ligue 1,26,38,3420.0,73.0,1.92,69.2,5.0,13.2,14.0,11.0,3.0,0.0,1990.0,3,0,2.0,6.0,67.2,0.27,-2.8,-0.07,727.0,43.1,323.0,55.7,44.8,1322.0,41.4,36.2,2.18,16.8,643.0,7.5,45,0.16436781609195403,41.53979238754325,59.38096704650446,95.0,74.83921374720552,81.77476439359646
154,Sergio Rico,es ESP,GK,Sevilla,es La Liga,23,24,2155.0,39.0,1.63,60.9,9.0,39.1,5.0,3.0,1.0,1.0,1993.0,2,0,1.0,5.0,34.3,0.34,-4.7,-0.2,305.0,31.5,192.0,66.7,49.9,475.0,37.3,33.6,0.54,12.0,349.0,5.2,80,0.2080459770114943,68.42560553633217,59.49876809362489,48.75796178343949,50.01398431847211,46.80048561669204
156,Roberto,es ESP,GK,Málaga,es La Liga,31,34,3060.0,51.0,1.5,68.7,6.0,17.6,5.0,4.0,1.0,0.0,1986.0,0,0,1.0,3.0,56.3,0.35,5.3,0.16,733.0,37.9,279.0,92.1,60.6,717.0,66.4,46.6,0.59,11.8,480.0,5.8,80,0.5968,46.10726643598616,84.79673544810592,61.96997270245678,69.77255675342354,46.71653154450801
159,Rubén,es ESP,GK,La Coruña,es La Liga,33,28,2477.0,58.0,2.11,58.2,4.0,14.8,3.0,2.0,1.0,0.0,1984.0,3,0,3.0,9.0,47.3,0.34,-8.7,-0.32,421.0,39.7,234.0,73.5,53.8,474.0,52.5,39.7,0.44,11.3,443.0,5.2,80,0.30000000000000004,43.200692041522494,72.36218047428395,48.70336669699727,35.70893335446096,43.31515700234578
160,Stéphane Ruffier,fr FRA,GK,Saint-Étienne,fr Ligue 1,30,35,3112.0,44.0,1.27,74.0,12.0,34.3,6.0,5.0,1.0,0.0,1986.0,1,1,2.0,4.0,48.6,0.29,5.6,0.16,519.0,37.6,276.0,65.2,45.3,865.0,39.2,34.5,0.61,12.9,532.0,5.3,45,0.6135999999999999,63.44290657439446,59.27317523868186,70.05004549590537,65.0459525659554,50.601876620437054
161,Gerónimo Rulli,ar ARG,GK,Real Sociedad,es La Liga,25,26,2340.0,45.0,1.73,61.3,6.0,23.1,5.0,4.0,1.0,0.0,1992.0,3,0,2.0,5.0,39.1,0.33,-4.9,-0.19,361.0,39.6,151.0,53.6,43.4,959.0,29.2,31.9,1.31,15.4,305.0,5.9,80,0.21264367816091956,51.8166089965398,54.46027101940252,75.18198362147407,37.25593307382003,67.02847853821146
162,Mathew Ryan,au AUS,GK,Brighton,eng Premier League,25,38,3420.0,54.0,1.42,69.2,10.0,26.3,3.0,1.0,2.0,0.0,1992.0,0,0,1.0,15.0,48.8,0.28,-0.2,-0.01,875.0,39.4,352.0,93.2,57.9,823.0,66.5,44.5,0.45,10.2,623.0,6.1,100,0.10459770114942529,55.13840830449827,83.80813058207575,67.75705186533212,60.18643530653819,39.777974402238776
163,Mamadou Samassa,ml MLI,GK,Troyes,fr Ligue 1,27,21,1890.0,31.0,1.48,71.3,5.0,23.8,3.0,2.0,1.0,0.0,1990.0,1,0,0.0,3.0,28.9,0.26,-1.1,-0.05,414.0,31.4,184.0,92.4,59.6,475.0,51.4,41.3,1.0,13.8,365.0,5.8,45,0.1252873563218391,52.54325259515571,78.84739759778256,48.75796178343949,64.77542998199698,58.11700069961727
166,Kasper Schmeichel,dk DEN,GK,Leicester City,eng Premier League,30,33,2965.0,47.0,1.43,66.7,8.0,24.2,3.0,1.0,2.0,0.0,1986.0,3,0,3.0,11.0,39.5,0.27,-6.5,-0.2,792.0,38.4,273.0,94.5,63.9,866.0,61.7,43.8,1.64,16.3,500.0,5.6,100,0.24942528735632186,52.95847750865052,89.30782260548196,70.1046405823476,38.13932199442154,73.84727766574757
167,Alexander Schwolow,de GER,GK,Freiburg,de Bundesliga,25,33,2906.0,53.0,1.64,67.5,9.0,27.3,5.0,4.0,0.0,1.0,1992.0,0,0,1.0,7.0,41.4,0.25,-7.6,-0.24,779.0,40.2,307.0,87.3,63.1,1041.0,49.1,40.8,0.68,14.2,529.0,5.3,50,0.27471264367816095,56.1764705882353,87.12426855558977,79.65878070973612,66.33747358252468,55.73171735462364
172,Salvatore Sirigu,it ITA,GK,Torino,it Serie A,30,37,3330.0,45.0,1.22,74.7,10.0,27.0,8.0,5.0,3.0,0.0,1987.0,2,0,3.0,5.0,47.0,0.25,2.0,0.05,541.0,43.8,319.0,59.6,44.3,987.0,35.6,34.1,1.32,13.8,621.0,5.2,60,0.412,55.86505190311419,60.98090545118569,76.71064604185624,64.81922524011985,61.83073377505247
175,Yann Sommer,ch SUI,GK,M'Gladbach,de Bundesliga,28,30,2625.0,42.0,1.44,74.8,6.0,20.0,4.0,4.0,0.0,0.0,1988.0,1,0,0.0,6.0,39.3,0.24,-1.7,-0.06,482.0,36.9,246.0,57.7,44.7,1009.0,33.7,33.3,0.75,11.6,524.0,8.0,50,0.13908045977011496,48.59861591695502,55.20095472744072,77.91173794358508,77.88674515703485,47.90917321700481
176,David Soria,es ESP,GK,Sevilla,es La Liga,24,15,1265.0,19.0,1.35,70.7,5.0,33.3,3.0,2.0,0.0,1.0,1993.0,1,0,0.0,1.0,17.4,0.29,-0.6,-0.04,150.0,46.0,98.0,63.3,47.4,279.0,31.5,32.4,0.93,13.0,199.0,6.0,80,0.11379310344827587,62.40484429065744,67.14505697566985,38.05732484076433,50.251822734206314,54.647722128482656
177,Stefano Sorrentino,it ITA,GK,Chievo,it Serie A,38,38,3420.0,59.0,1.55,70.6,7.0,18.4,7.0,4.0,3.0,0.0,1979.0,2,0,2.0,11.0,56.3,0.27,1.3,0.03,620.0,40.2,394.0,65.5,42.7,799.0,45.3,36.8,0.37,10.3,651.0,2.5,60,0.37279999999999996,46.93771626297578,58.93055127810287,66.44676979071883,61.58417986983608,39.18165356599037
178,Julián Speroni,ar ARG,GK,Crystal Palace,eng Premier League,38,11,990.0,14.0,1.27,69.8,2.0,18.2,1.0,1.0,0.0,0.0,1979.0,0,0,0.0,4.0,13.3,0.29,-0.7,-0.07,239.0,36.0,89.0,95.5,56.9,223.0,69.1,45.2,0.91,13.7,177.0,3.4,100,0.11609195402298851,46.73010380622837,81.07868801971048,35.0,39.490560346391106,56.74040083954072
179,Marco Sportiello,it ITA,GK,Fiorentina,it Serie A,25,37,3202.0,38.0,1.07,72.5,14.0,37.8,3.0,2.0,1.0,0.0,1992.0,0,1,2.0,4.0,36.7,0.26,-1.3,-0.04,376.0,40.4,270.0,46.7,38.7,773.0,32.3,32.1,0.65,12.1,508.0,6.1,60,0.1298850574712644,67.07612456747404,47.8557129658146,65.02729754322111,62.82006907203309,48.40919379398329
181,Thomas Strakosha,al ALB,GK,Lazio,it Serie A,22,38,3420.0,49.0,1.29,74.8,11.0,28.9,10.0,9.0,1.0,0.0,1995.0,2,0,2.0,3.0,51.3,0.27,4.3,0.11,466.0,46.6,307.0,40.7,38.8,884.0,38.6,34.2,0.92,14.8,437.0,4.1,60,0.5408,57.83737024221453,50.465044656606096,71.08735213830755,55.559296374004624,60.50969175686242
182,Danijel Subašić,hr CRO,GK,Monaco,fr Ligue 1,32,34,2940.0,41.0,1.26,70.4,10.0,29.4,4.0,4.0,0.0,0.0,1984.0,3,0,1.0,3.0,38.9,0.29,-1.1,-0.03,431.0,38.3,265.0,52.5,44.2,655.0,44.6,37.3,0.64,13.0,481.0,6.7,45,0.1252873563218391,58.35640138408304,53.777332922697866,58.58507734303913,70.47576274195735,51.282151528869505
184,Wojciech Szczęsny,pl POL,GK,Juventus,it Serie A,27,17,1530.0,9.0,0.53,72.7,11.0,64.7,0.0,0.0,0.0,0.0,1990.0,0,0,1.0,2.0,11.5,0.36,2.5,0.15,165.0,50.9,96.0,61.5,43.7,361.0,29.4,32.8,0.76,14.3,196.0,5.6,60,0.44,95.0,66.72543886664613,42.53412192902639,39.29052254577598,56.992263056092845
185,Ciprian Tătărușanu,ro ROU,GK,Nantes,fr Ligue 1,31,37,3330.0,38.0,1.03,72.9,12.0,32.4,3.0,2.0,0.0,1.0,1986.0,0,0,0.0,8.0,33.1,0.24,-3.9,-0.1,608.0,37.8,333.0,83.2,56.8,753.0,44.0,37.2,0.59,11.5,633.0,6.5,45,0.18965517241379312,61.470588235294116,77.56621496766245,63.935395814376704,85.03087050234727,45.72019424667682
186,Marc-André ter Stegen,de GER,GK,Barcelona,es La Liga,25,37,3330.0,28.0,0.76,79.4,19.0,51.4,2.0,2.0,0.0,0.0,1992.0,0,0,0.0,1.0,36.3,0.27,8.3,0.22,304.0,42.4,262.0,46.6,41.7,1040.0,17.5,27.5,1.11,15.1,404.0,3.7,80,0.7648,81.19377162629758,52.274407145056976,79.60418562329392,72.22967310104411,63.71105806823326
188,Philipp Tschauner,de GER,GK,Hannover 96,de Bundesliga,31,31,2790.0,45.0,1.45,72.8,5.0,16.1,3.0,2.0,0.0,1.0,1985.0,1,0,1.0,11.0,42.1,0.26,-2.9,-0.09,518.0,44.4,275.0,51.6,40.5,875.0,43.0,35.1,0.65,12.4,508.0,4.7,50,0.16666666666666669,44.550173010380625,54.65352633199876,70.59599636032758,54.81867159474686,49.405531091814474
190,Sven Ulreich,de GER,GK,Bayern Munich,de Bundesliga,28,29,2610.0,26.0,0.9,70.2,12.0,41.4,4.0,1.0,3.0,0.0,1988.0,1,0,1.0,2.0,25.3,0.26,2.3,0.08,328.0,41.8,153.0,42.5,39.8,795.0,33.1,32.5,1.28,15.4,247.0,6.1,50,0.42879999999999996,70.81314878892732,48.36464428703418,66.22838944494995,45.45946838589464,66.68031606238941
193,Rémy Vercoutre,fr FRA,GK,Caen,fr Ligue 1,37,35,3103.0,48.0,1.39,66.7,11.0,31.4,4.0,4.0,0.0,0.0,1980.0,1,1,0.0,5.0,40.2,0.28,-3.8,-0.11,757.0,45.3,260.0,90.4,57.2,802.0,65.1,45.0,0.41,12.7,478.0,2.9,45,0.18735632183908046,60.432525951557096,86.66846319679703,66.61055505004549,71.46205333704978,47.61656858306926
194,Emiliano Viviano,it ITA,GK,Sampdoria,it Serie A,31,27,2430.0,43.0,1.59,68.9,6.0,22.2,6.0,2.0,4.0,0.0,1985.0,2,0,1.0,5.0,40.8,0.28,-0.2,-0.01,437.0,41.0,226.0,64.6,49.5,632.0,46.0,38.8,0.7,13.1,429.0,3.0,60,0.10459770114942529,50.88235294117647,65.74992300585154,57.32939035486806,57.73882638635666,52.31058891312399
199,Erwin Zelazny,fr FRA,GK,Troyes,fr Ligue 1,25,17,1530.0,28.0,1.65,71.7,3.0,17.6,2.0,2.0,0.0,0.0,1991.0,2,0,0.0,3.0,25.9,0.27,-2.1,-0.13,413.0,35.1,173.0,89.0,58.3,481.0,53.8,40.7,0.53,10.5,285.0,3.5,45,0.14827586206896554,46.10726643598616,79.16692331382814,49.085532302092815,54.10729456415701,41.70274496892876
200,Robin Zentner,de GER,GK,Mainz 05,de Bundesliga,22,15,1350.0,27.0,1.8,67.1,2.0,13.3,4.0,4.0,0.0,0.0,1994.0,1,0,1.0,3.0,21.3,0.26,-4.7,-0.31,279.0,35.8,126.0,74.6,54.8,386.0,47.9,38.7,1.27,14.3,211.0,5.2,50,0.2080459770114943,41.64359861591696,70.69371727748688,43.898999090081894,38.56688895210204,62.9110251450677
202,Ron-Robert Zieler,de GER,GK,Stuttgart,de Bundesliga,28,34,3060.0,36.0,1.06,79.4,12.0,35.3,6.0,4.0,2.0,0.0,1989.0,3,0,2.0,2.0,40.7,0.24,4.7,0.14,834.0,35.5,300.0,81.7,59.0,1029.0,57.2,42.8,1.09,13.6,547.0,6.2,50,0.5631999999999999,64.48096885813149,77.28826609177702,79.00363967242947,71.71325560661398,58.49726326186263
